{
  "bot-name": "MONARCHIE-ZEN",
  "description": "Bot WhatsApp puissant basé sur les ombres, développé par dev monarchie.",
  "logo": "https://files.catbox.moe/e1k73u.jpg",
  "keywords": ["whatsapp-bot", "solo-leveling", "baileys"],
  "documentation-link": "https://whatsapp.com/channel/0029VbAYjn5KgsNpws3P633r",
  "owner-verification": "devmonarchie@gmail.com",

  "env": {
    "SESSION_ID": {
      "description": "Ajoutez ici votre SESSION_ID scannée via Monarchie-Zen",
      "required": true,
      "value": "add your session"
    },

    "PREFIX": {
      "description": "Préfixe des commandes (par ex. ., !, / etc.)",
      "required": true,
      "value": "."
    },

    "MODE": {
      "description": "Mode de fonctionnement du bot (public / private / inbox / group).",
      "required": false,
      "value": "public"
    },

    "OWNER_NAME": {
      "description": "Nom du propriétaire du bot.",
      "required": false,
      "value": "dev monarchie"
    },

    "OWNER_NUMBER": {
      "description": "Numéro du propriétaire (utilisé pour la gestion).",
      "required": false,
      "value": "243905061118"
    },

    "AUTO_REACT": {
      "description": "true pour que le bot réagisse automatiquement aux messages.",
      "required": true,
      "value": "false"
    },

    "OWNER_REACT": {
      "description": "true pour activer les réactions sur le numéro du propriétaire uniquement.",
      "required": true,
      "value": "false"
    },

    "ANTI_DELETE": {
      "description": "true pour récupérer les messages supprimés.",
      "required": false,
      "value": "true"
    },

    "DELETE_PATH": {
      "description": "pm = message privé ou same = même discussion (où le message a été supprimé).",
      "required": true,
      "value": "pm"
    }
  }
}